{"cameraMode":{"drawMode":0,"name":"Shaded","section":"Shading Mode"},"sceneLighting":true,"audioPlay":false,"sceneViewState":{"m_AlwaysRefresh":false,"showFog":true,"showSkybox":true,"showFlares":true,"showImageEffects":true,"showParticleSystems":true,"showVisualEffectGraphs":true,"m_FxEnabled":true},"in2DMode":false,"pivot":{"x":68.30934143066406,"y":-6.973526477813721,"z":-153.10899353027345},"rotation":{"x":0.0049604568630456928,"y":0.9814298152923584,"z":-0.025327306240797044,"w":0.1902012676000595},"size":87.42024230957031,"orthographic":false}